{
  "{asid}": {
    "profileList": ["AsidAuthorities","AsidExecutives","AsidLicenseOwner","Public"],
    "useCaseMap": {}
  },
  "*": {
    "profileList": ["Authorities","Executives","AwidLicenseOwner","Public","Readers"],
    "useCaseMap": {
      "sys/uuAppWorkspace/init": {
        "sysStateList": ["created"],
        "profileList": ["AwidLicenseOwner"]
      },
      "defaultUve": {
        "profileList": ["Public"]
      },
      "sys/uuAppWorkspace/initUve": {
        "sysStateList": ["created"],
        "profileList": ["Public","AwidLicenseOwner"]
      },
      "list/create": {
        "sysStateList": ["active"],
        "profileList": ["Authorities","Executives"]
      },
      "list/get": {
        "sysStateList": ["active"],
        "profileList": ["Authorities","Executives","Readers"]
      },
      "list/update": {
        "sysStateList": ["active"],
        "profileList": ["Authorities","Executives"]
      },
      "list/delete": {
        "sysStateList": ["active"],
        "profileList": ["Authorities","Executives"]
      },
      "item/create": {
        "sysStateList": ["active"],
        "profileList": ["Authorities","Executives"]
      },
      "item/get": {
        "sysStateList": ["active"],
        "profileList": ["Authorities","Executives","Readers"]
      },
      "item/update": {
        "sysStateList": ["active"],
        "profileList": ["Authorities","Executives"]
      },
      "item/setFinalState": {
        "sysStateList": ["active"],
        "profileList": ["Authorities","Executives"]
      },
      "item/delete": {
        "sysStateList": ["active"],
        "profileList": ["Authorities","Executives"]
      },
      "item/list": {
        "sysStateList": ["active"],
        "profileList": ["Authorities","Executives","Readers"]
      },
      "list/list": {
        "sysStateList": ["active"],
        "profileList": ["Authorities","Executives","Readers"]
      }
    }
  }
}